{"alphaTest":0,"ambient":[0,0,0],"ambientTint":false,"aoMapChannel":"rgb","aoMapOffset":[0,0],"aoMapTiling":[1,1],"aoMapUv":0,"aoMapVertexColor":false,"blendType":5,"bumpMapFactor":1,"conserveEnergy":true,"cubeMapProjection":0,"cubeMapProjectionBox":{"center":[0,0,0],"halfExtents":[0.5,0.5,0.5]},"cull":1,"depthTest":true,"depthWrite":true,"diffuse":[0,0,0],"diffuseMapChannel":"rgb","diffuseMapOffset":[0,0],"diffuseMapTiling":[1,1],"diffuseMapTint":false,"diffuseMapUv":0,"diffuseMapVertexColor":false,"emissive":[0.5019607843137255,0.5019607843137255,0.5019607843137255],"emissiveIntensity":1,"emissiveMap":"../7905589/Steam.png","emissiveMapChannel":"rgb","emissiveMapOffset":[0,0],"emissiveMapTiling":[1,1],"emissiveMapTint":true,"emissiveMapUv":0,"emissiveMapVertexColor":false,"fresnelFactor":0,"fresnelModel":2,"glossMapChannel":"g","glossMapOffset":[0,0],"glossMapTiling":[1,1],"glossMapUv":0,"glossMapVertexColor":false,"heightMapChannel":"r","heightMapFactor":1,"heightMapOffset":[0,0],"heightMapTiling":[1,1],"heightMapUv":0,"lightMapChannel":"rgb","lightMapOffset":[0,0],"lightMapTiling":[1,1],"lightMapUv":1,"lightMapVertexColor":false,"metalness":0,"metalnessMapChannel":"r","metalnessMapOffset":[0,0],"metalnessMapTiling":[1,1],"metalnessMapTint":false,"metalnessMapUv":0,"metalnessMapVertexColor":false,"normalMapOffset":[0,0],"normalMapTiling":[1,1],"normalMapUv":0,"occludeSpecular":2,"opacity":1,"opacityMapChannel":"rgb","opacityMapOffset":[0,0],"opacityMapTiling":[1,1],"opacityMapUv":0,"opacityMapVertexColor":false,"reflectivity":1,"refraction":0,"refractionIndex":0.6666666666666666,"shader":"blinn","shadowSampleType":1,"shininess":0,"specular":[0,0,0],"specularAntialias":true,"specularMapChannel":"rgb","specularMapOffset":[0,0],"specularMapTiling":[1,1],"specularMapTint":false,"specularMapUv":0,"specularMapVertexColor":false,"useMetalness":false,"mapping_format":"path"}