{"mapping":[{"path":"7905382/Brass.json"},{"path":"7905382/Brass.json"},{"path":"7905382/Brass.json"},{"path":"7905382/Brass.json"},{"path":"7905382/Brass.json"},{"path":"7905382/Brass.json"},{"path":"7905382/Brass.json"},{"path":"7905382/Brass.json"},{"path":"7905382/Brass.json"},{"path":"7905382/Brass.json"},{"path":"7905382/Brass.json"},{"path":"7905382/Brass.json"},{"path":"7905382/Brass.json"},{"path":"7905382/Brass.json"},{"path":"7905382/Brass.json"},{"path":"7905382/Brass.json"},{"path":"7905382/Brass.json"},{"path":"7905382/Brass.json"},{"path":"7905382/Brass.json"},{"path":"7905382/Brass.json"},{"path":"7905382/Brass.json"},{"path":"7905382/Brass.json"},{"path":"7905382/Brass.json"},{"path":"7905382/Brass.json"},{"path":"7905382/Brass.json"},{"path":"7905382/Brass.json"},{"path":"7905382/Brass.json"},{"path":"7905382/Brass.json"},{"path":"7905382/Brass.json"},{"path":"7905382/Brass.json"},{"path":"7905382/Brass.json"},{"path":"7905382/Brass.json"},{"path":"7905382/Brass.json"},{"path":"7905382/Brass.json"},{"path":"7905382/Brass.json"},{"path":"7905382/Brass.json"},{"path":"7905382/Brass.json"},{"path":"7905382/Brass.json"},{"path":"7905382/Brass.json"},{"path":"7905382/Brass.json"},{"path":"7905382/Brass.json"},{"path":"7905382/Brass.json"},{"path":"7905382/Brass.json"},{"path":"7905382/Brass.json"},{"path":"7905382/Brass.json"},{"path":"7905382/Brass.json"},{"path":"7905382/Brass.json"},{"path":"7905382/Brass.json"},{"path":"7905382/Brass.json"},{"path":"7905382/Brass.json"},{"path":"7905382/Brass.json"},{"path":"7905382/Brass.json"},{"path":"7905382/Brass.json"},{"path":"7905382/Brass.json"},{"path":"7905382/Brass.json"},{"path":"7905382/Brass.json"},{"path":"7905382/Brass.json"},{"path":"7905382/Brass.json"},{"path":"7905382/Brass.json"},{"path":"7905382/Brass.json"},{"path":"7905382/Brass.json"},{"path":"7905382/Brass.json"},{"path":"7905382/Brass.json"},{"path":"7905382/Brass.json"},{"path":"7905382/Brass.json"},{"path":"7905382/Brass.json"},{"path":"7905382/Brass.json"},{"path":"7905382/Brass.json"},{"path":"7905382/Brass.json"},{"path":"7905382/Brass.json"},{"path":"7905382/Brass.json"},{"path":"7905382/Brass.json"},{"path":"7905382/Brass.json"},{"path":"7905382/Brass.json"},{"path":"7905382/Brass.json"},{"path":"7905382/Brass.json"},{"path":"7905382/Brass.json"},{"path":"7905382/Brass.json"},{"path":"7905382/Brass.json"},{"path":"7905382/Brass.json"},{"path":"7905382/Brass.json"},{"path":"7905382/Brass.json"},{"path":"7905382/Brass.json"},{"path":"7905382/Brass.json"},{"path":"7905382/Brass.json"},{"path":"7905382/Brass.json"},{"path":"7905382/Brass.json"},{"path":"7905382/Brass.json"},{"path":"7905382/Brass.json"},{"path":"7905382/Brass.json"},{"path":"7905382/Brass.json"},{"path":"7905382/Brass.json"},{"path":"7905382/Brass.json"},{"path":"7905382/Brass.json"},{"path":"7905382/Brass.json"},{"path":"7905382/Brass.json"},{"path":"7905382/Brass.json"},{"path":"7905382/Brass.json"},{"path":"7905382/Brass.json"},{"path":"7905382/Brass.json"},{"path":"7905382/Brass.json"},{"path":"7905382/Brass.json"},{"path":"7905382/Brass.json"},{"path":"7905382/Brass.json"},{"path":"7905382/Brass.json"},{"path":"7905382/Brass.json"},{"path":"7905382/Brass.json"},{"path":"7905382/Brass.json"},{"path":"7905382/Brass.json"},{"path":"7905382/Brass.json"},{"path":"7905382/Brass.json"},{"path":"7905382/Brass.json"},{"path":"7905382/Brass.json"},{"path":"7905382/Brass.json"},{"path":"7905382/Brass.json"},{"path":"7905382/Brass.json"},{"path":"7905382/Brass.json"},{"path":"7905382/Brass.json"},{"path":"7905382/Brass.json"},{"path":"7905382/Brass.json"},{"path":"7905382/Brass.json"},{"path":"7905382/Brass.json"},{"path":"7905382/Brass.json"},{"path":"7905382/Brass.json"},{"path":"7905382/Brass.json"},{"path":"7905382/Brass.json"},{"path":"7905382/Brass.json"},{"path":"7905382/Brass.json"},{"path":"7905382/Brass.json"},{"path":"7905382/Brass.json"},{"path":"7905382/Brass.json"},{"path":"7905382/Brass.json"},{"path":"7905382/Brass.json"},{"path":"7905382/Brass.json"},{"path":"7905382/Brass.json"},{"path":"7905382/Brass.json"},{"path":"7905382/Brass.json"},{"path":"7905382/Brass.json"},{"path":"7905382/Brass.json"},{"path":"7905382/Brass.json"},{"path":"7905382/Brass.json"},{"path":"7905382/Brass.json"},{"path":"7905382/Brass.json"},{"path":"7905382/Brass.json"},{"path":"7905382/Brass.json"},{"path":"7905382/Brass.json"},{"path":"7905382/Brass.json"},{"path":"7905382/Brass.json"},{"path":"7905382/Brass.json"},{"path":"7905382/Brass.json"},{"path":"7905382/Brass.json"},{"path":"7905382/Brass.json"},{"path":"7905382/Brass.json"},{"path":"7905382/Brass.json"},{"path":"7905382/Brass.json"},{"path":"7905382/Brass.json"},{"path":"7905382/Brass.json"},{"path":"7905382/Brass.json"},{"path":"7905382/Brass.json"},{"path":"7905382/Brass.json"},{"path":"7905382/Brass.json"},{"path":"7905382/Brass.json"},{"path":"7905382/Brass.json"},{"path":"7905382/Brass.json"},{"path":"7905382/Brass.json"},{"path":"7905382/Brass.json"},{"path":"7905382/Brass.json"},{"path":"7905382/Brass.json"},{"path":"7905382/Brass.json"},{"path":"7905382/Brass.json"},{"path":"7905382/Brass.json"},{"path":"7905382/Brass.json"},{"path":"7905382/Brass.json"},{"path":"7905382/Brass.json"},{"path":"7905382/Brass.json"},{"path":"7905382/Brass.json"},{"path":"7905382/Brass.json"},{"path":"7905382/Brass.json"},{"path":"7905382/Brass.json"},{"path":"7905382/Brass.json"},{"path":"7905382/Brass.json"},{"path":"7905382/Brass.json"},{"path":"7905382/Brass.json"},{"path":"7905382/Brass.json"},{"path":"7905382/Brass.json"},{"path":"7905382/Brass.json"},{"path":"7905382/Brass.json"},{"path":"7905382/Brass.json"},{"path":"7905382/Brass.json"},{"path":"7905382/Brass.json"},{"path":"7905382/Brass.json"},{"path":"7905382/Brass.json"},{"path":"7905382/Brass.json"},{"path":"7905382/Brass.json"},{"path":"7905382/Brass.json"},{"path":"7905382/Brass.json"},{"path":"7905382/Brass.json"},{"path":"7905382/Brass.json"},{"path":"7905382/Brass.json"},{"path":"7905382/Brass.json"},{"path":"7905382/Brass.json"},{"path":"7905382/Brass.json"},{"path":"7905382/Brass.json"},{"path":"7905382/Brass.json"},{"path":"7905382/Brass.json"},{"path":"7905382/Brass.json"},{"path":"7905382/Brass.json"},{"path":"7905382/Brass.json"},{"path":"7905382/Brass.json"},{"path":"7905382/Brass.json"},{"path":"7905382/Brass.json"},{"path":"7905382/Brass.json"},{"path":"7905382/Brass.json"},{"path":"7905382/Brass.json"},{"path":"7905382/Brass.json"},{"path":"7905382/Brass.json"},{"path":"7905382/Brass.json"},{"path":"7905382/Brass.json"},{"path":"7905382/Brass.json"},{"path":"7905382/Brass.json"},{"path":"7905382/Brass.json"},{"path":"7905382/Brass.json"},{"path":"7905382/Brass.json"},{"path":"7905382/Brass.json"},{"path":"7905382/Brass.json"},{"path":"7905382/Brass.json"},{"path":"7905382/Brass.json"},{"path":"7905382/Brass.json"},{"path":"7905382/Brass.json"},{"path":"7905382/Brass.json"},{"path":"7905382/Brass.json"},{"path":"7905382/Brass.json"},{"path":"7905382/Brass.json"},{"path":"7905382/Brass.json"},{"path":"7905382/Brass.json"},{"path":"7905382/Brass.json"},{"path":"7905382/Brass.json"},{"path":"7905382/Brass.json"},{"path":"7905382/Brass.json"},{"path":"7905382/Brass.json"},{"path":"7905382/Brass.json"},{"path":"7905382/Brass.json"},{"path":"7905382/Brass.json"},{"path":"7905382/Brass.json"},{"path":"7905382/Brass.json"},{"path":"7905382/Brass.json"},{"path":"7905382/Brass.json"},{"path":"7905382/Brass.json"},{"path":"7905382/Brass.json"},{"path":"7905382/Brass.json"},{"path":"7905382/Brass.json"},{"path":"7905382/Brass.json"},{"path":"7905382/Brass.json"},{"path":"7905382/Brass.json"},{"path":"7905382/Brass.json"},{"path":"7905382/Brass.json"},{"path":"7905382/Brass.json"},{"path":"7905382/Brass.json"},{"path":"7905382/Brass.json"},{"path":"7905382/Brass.json"},{"path":"7905382/Brass.json"},{"path":"7905382/Brass.json"},{"path":"7905382/Brass.json"},{"path":"7905382/Brass.json"},{"path":"7905382/Brass.json"},{"path":"7905382/Brass.json"},{"path":"7905382/Brass.json"},{"path":"7905382/Brass.json"},{"path":"7905382/Brass.json"},{"path":"7905382/Brass.json"},{"path":"7905382/Brass.json"},{"path":"7905382/Brass.json"},{"path":"7905382/Brass.json"},{"path":"7905382/Brass.json"},{"path":"7905382/Brass.json"},{"path":"7905382/Brass.json"},{"path":"7905382/Brass.json"},{"path":"7905382/Brass.json"},{"path":"7905382/Brass.json"},{"path":"7905382/Brass.json"},{"path":"7905382/Brass.json"},{"path":"7905382/Brass.json"},{"path":"7905382/Brass.json"},{"path":"7905382/Brass.json"},{"path":"7905382/Brass.json"},{"path":"7905382/Brass.json"},{"path":"7905382/Brass.json"},{"path":"7905382/Brass.json"},{"path":"7905382/Brass.json"},{"path":"7905382/Brass.json"},{"path":"7905382/Brass.json"},{"path":"7905382/Brass.json"},{"path":"7905382/Brass.json"},{"path":"7905382/Brass.json"},{"path":"7905382/Brass.json"},{"path":"7905382/Brass.json"},{"path":"7905382/Brass.json"},{"path":"7905382/Brass.json"},{"path":"7905382/Brass.json"},{"path":"7905382/Brass.json"},{"path":"7905382/Brass.json"},{"path":"7905382/Brass.json"},{"path":"7905382/Brass.json"},{"path":"7905382/Brass.json"},{"path":"7905382/Brass.json"},{"path":"7905382/Brass.json"},{"path":"7905382/Brass.json"},{"path":"7905382/Brass.json"},{"path":"7905382/Brass.json"},{"path":"7905382/Brass.json"},{"path":"7905382/Brass.json"},{"path":"7905382/Brass.json"},{"path":"7905382/Brass.json"},{"path":"7905382/Brass.json"},{"path":"7905382/Brass.json"},{"path":"7905382/Brass.json"},{"path":"7905382/Brass.json"},{"path":"7905382/Brass.json"},{"path":"7905382/Brass.json"},{"path":"7905382/Brass.json"},{"path":"7905382/Brass.json"},{"path":"7905382/Brass.json"},{"path":"7905382/Brass.json"},{"path":"7905382/Brass.json"},{"path":"7905382/Brass.json"},{"path":"7905382/Brass.json"},{"path":"7905382/Brass.json"},{"path":"7905382/Brass.json"},{"path":"7905382/Brass.json"},{"path":"7905382/Brass.json"},{"path":"7905382/Brass.json"},{"path":"7905382/Brass.json"},{"path":"7905382/Brass.json"},{"path":"7905382/Brass.json"},{"path":"7905382/Brass.json"},{"path":"7905382/Brass.json"},{"path":"7905382/Brass.json"},{"path":"7905382/Brass.json"},{"path":"7905382/Brass.json"},{"path":"7905382/Brass.json"},{"path":"7905382/Brass.json"},{"path":"7905382/Brass.json"},{"path":"7905382/Brass.json"},{"path":"7905382/Brass.json"},{"path":"7905382/Brass.json"},{"path":"7905382/Brass.json"}],"area":0}