{"ambient":[0,0,0],"aoMapChannel":"rgb","aoMapOffset":[0,0],"aoMapTiling":[1,1],"blendType":5,"bumpMapFactor":1,"conserveEnergy":true,"cubeMapProjectionBox":{"center":[0,0,0],"halfExtents":[0.5,0.5,0.5]},"cull":1,"depthTest":true,"depthWrite":true,"diffuse":[0,0,0],"diffuseMapChannel":"rgb","diffuseMapOffset":[0,0],"diffuseMapTiling":[1,1],"emissive":[0.5019607843137255,0.5019607843137255,0.5019607843137255],"emissiveIntensity":1,"emissiveMap":"../7905589/Steam.png","emissiveMapChannel":"rgb","emissiveMapOffset":[0,0],"emissiveMapTiling":[1,1],"emissiveMapTint":true,"fresnelModel":2,"glossMapChannel":"g","glossMapOffset":[0,0],"glossMapTiling":[1,1],"heightMapChannel":"r","heightMapFactor":1,"heightMapOffset":[0,0],"heightMapTiling":[1,1],"lightMapChannel":"rgb","lightMapOffset":[0,0],"lightMapTiling":[1,1],"lightMapUv":1,"metalnessMapChannel":"r","metalnessMapOffset":[0,0],"metalnessMapTiling":[1,1],"normalMapOffset":[0,0],"normalMapTiling":[1,1],"occludeSpecular":2,"opacity":1,"opacityMapChannel":"rgb","opacityMapOffset":[0,0],"opacityMapTiling":[1,1],"reflectivity":1,"refractionIndex":0.6666666666666666,"shader":"blinn","shadowSampleType":1,"specular":[0,0,0],"specularAntialias":true,"specularMapChannel":"rgb","specularMapOffset":[0,0],"specularMapTiling":[1,1],"mapping_format":"path"}