{"ambient":[0.5,0.5,0.5],"ambientTint":false,"aoMapChannel":"r","aoMapOffset":[0,0],"aoMapTiling":[1,1],"aoUvSet":0,"blendType":3,"bumpMapFactor":1,"conserveEnergy":true,"cubeMapProjection":0,"cubeMapProjectionBox":{"center":[0,0,0],"halfExtents":[0.5,0.5,0.5]},"cull":1,"depthTest":true,"depthWrite":true,"diffuse":[0.8470588235294118,0.6274509803921569,0.10196078431372549],"diffuseMapChannel":"rgb","diffuseMapOffset":[0,0],"diffuseMapTiling":[1,1],"diffuseMapTint":false,"emissive":[0,0,0],"emissiveIntensity":1,"emissiveMapChannel":"rgb","emissiveMapOffset":[0,0],"emissiveMapTiling":[1,1],"emissiveMapTint":false,"fresnelFactor":0,"fresnelModel":2,"glossMapChannel":"r","glossMapOffset":[0,0],"glossMapTiling":[1,1],"heightMapChannel":"r","heightMapFactor":1,"heightMapOffset":[0,0],"heightMapTiling":[1,1],"lightMapChannel":"rgb","lightMapOffset":[0,0],"lightMapTiling":[1,1],"metalness":1,"metalnessMapChannel":"r","metalnessMapOffset":[0,0],"metalnessMapTiling":[1,1],"metalnessMapTint":false,"normalMapOffset":[0,0],"normalMapTiling":[1,1],"occludeSpecular":2,"opacity":1,"opacityMapChannel":"r","opacityMapOffset":[0,0],"opacityMapTiling":[1,1],"reflectivity":1,"refraction":0,"refractionIndex":0.6666666666666666,"shader":"blinn","shadowSampleType":1,"shininess":100,"specular":[0,0,0],"specularAntialias":true,"specularMapChannel":"rgb","specularMapOffset":[0,0],"specularMapTiling":[1,1],"specularMapTint":false,"useMetalness":true,"mapping_format":"path"}